{
  "HTTP Request-1" : {
    "transaction" : "HTTP Request-1",
    "sampleCount" : 1997,
    "errorCount" : 0,
    "errorPct" : 0.0,
    "meanResTime" : 76.45768652979473,
    "medianResTime" : 66.0,
    "minResTime" : 49.0,
    "maxResTime" : 449.0,
    "pct1ResTime" : 94.0,
    "pct2ResTime" : 176.19999999999982,
    "pct3ResTime" : 264.02,
    "throughput" : 20.319081825766673,
    "receivedKBytesPerSec" : 37.557900988990866,
    "sentKBytesPerSec" : 2.916899441784864
  },
  "Total" : {
    "transaction" : "Total",
    "sampleCount" : 5994,
    "errorCount" : 3,
    "errorPct" : 0.05005005,
    "meanResTime" : 532.1983650316979,
    "medianResTime" : 150.0,
    "minResTime" : 49.0,
    "maxResTime" : 65495.0,
    "pct1ResTime" : 247.0,
    "pct2ResTime" : 293.0,
    "pct3ResTime" : 438.0500000000002,
    "throughput" : 60.84105603995169,
    "receivedKBytesPerSec" : 105.90148695936824,
    "sentKBytesPerSec" : 11.643901255722247
  },
  "HTTP Request-0" : {
    "transaction" : "HTTP Request-0",
    "sampleCount" : 1997,
    "errorCount" : 0,
    "errorPct" : 0.0,
    "meanResTime" : 706.3850776164247,
    "medianResTime" : 145.0,
    "minResTime" : 102.0,
    "maxResTime" : 65298.0,
    "pct1ResTime" : 199.0,
    "pct2ResTime" : 245.19999999999982,
    "pct3ResTime" : 351.49999999999955,
    "throughput" : 20.281524211894702,
    "receivedKBytesPerSec" : 15.481368031717176,
    "sentKBytesPerSec" : 2.911507870262228
  },
  "HTTP Request" : {
    "transaction" : "HTTP Request",
    "sampleCount" : 2000,
    "errorCount" : 3,
    "errorPct" : 0.15,
    "meanResTime" : 813.3299999999998,
    "medianResTime" : 214.0,
    "minResTime" : 154.0,
    "maxResTime" : 65495.0,
    "pct1ResTime" : 311.7000000000003,
    "pct2ResTime" : 363.9499999999998,
    "pct3ResTime" : 20836.740000000187,
    "throughput" : 20.30065266598321,
    "receivedKBytesPerSec" : 52.961211003715015,
    "sentKBytesPerSec" : 5.824136318248256
  }
}